{"cameraMode":{"drawMode":0,"name":"Shaded","section":"Shading Mode"},"sceneLighting":true,"audioPlay":false,"sceneViewState":{"m_AlwaysRefresh":false,"showFog":true,"showSkybox":true,"showFlares":true,"showImageEffects":true,"showParticleSystems":true,"showVisualEffectGraphs":true,"m_FxEnabled":false},"in2DMode":false,"pivot":{"x":-2.159396171569824,"y":-16.73552894592285,"z":19.052684783935548},"rotation":{"x":0.3956475555896759,"y":0.013765753246843815,"z":-0.005951495375484228,"w":0.9183103442192078},"size":21.430286407470704,"orthographic":false}