{"cameraMode":{"drawMode":0,"name":"Shaded","section":"Shading Mode"},"sceneLighting":true,"audioPlay":false,"sceneViewState":{"m_AlwaysRefresh":false,"showFog":true,"showSkybox":true,"showFlares":true,"showImageEffects":true,"showParticleSystems":true,"showVisualEffectGraphs":true,"m_FxEnabled":false},"in2DMode":false,"pivot":{"x":1.4628499746322632,"y":-5.0853400230407719,"z":22.760278701782228},"rotation":{"x":0.14636744558811189,"y":0.074115090072155,"z":-0.011014784686267376,"w":0.9864166975021362},"size":22.531248092651368,"orthographic":false}